trip_id_unique_station,passengers_up
311354b10,4.0
219233a19,0.0
114195c36,1.0
310625b35,1.0
110840b33,-0.0
218412a42,1.0
311854b41,-0.0
313050a7,2.0
119533a3,0.0
311783c6,0.0
110423c29,1.0
118336a34,1.0
220492a6,0.0
313763c22,-1.0
315873a39,2.0
415528a6,4.0
317400a15,2.0
110143b15,1.0
413705a19,4.0
210478b32,0.0
312063c2,2.0
218259a21,1.0
120820a26,2.0
115379c4,2.0
110389c35,0.0
316038a13,1.0
113924c13,1.0
314382a42,0.0
110201b13,0.0
411645a24,0.0
316096a22,6.0
110725b7,0.0
314388a12,3.0
413667a12,4.0
218889a40,1.0
217979a22,5.0
210872b24,-0.0
315866a37,1.0
312125c35,1.0
221072a8,3.0
310174c15,2.0
119396a1,1.0
222561a36,0.0
217956a23,2.0
412841a24,2.0
110922b8,0.0
110201b21,-0.0
112183b37,-0.0
311504b9,2.0
312788a19,2.0
312203c16,-0.0
110528b22,1.0
119842a51,0.0
114326c37,5.0
413987a16,4.0
310091c15,1.0
112009c35,1.0
119856a2,0.0
311659b7,6.0
314633c32,-1.0
312165b33,2.0
315023c17,2.0
121157a23,-0.0
111337c26,-0.0
214365c11,-0.0
314345c38,-0.0
313795c6,1.0
219742a33,1.0
110433c22,2.0
312911c19,3.0
118359a1,1.0
311147b16,2.0
421975a42,0.0
412273a7,2.0
222546a21,4.0
311568a4,3.0
415291a7,7.0
110357c24,1.0
314414a5,2.0
315234a53,0.0
218977a10,1.0
115268c13,0.0
114201c44,1.0
111943b16,3.0
213895c1,2.0
220842a29,0.0
314351c3,-0.0
312150b22,-0.0
118827a26,0.0
315055c48,-0.0
310414c14,3.0
417124a28,-0.0
310281b42,0.0
314279c11,2.0
311776c51,1.0
220622a14,2.0
217954a13,2.0
110832b40,-0.0
119059a50,1.0
312026b28,24.0
218413a34,1.0
122505a15,1.0
115253c5,2.0
111875b28,-1.0
120424a8,3.0
115415c22,-0.0
222113a2,0.0
111540b29,-0.0
311298c41,1.0
110997c42,2.0
312281c35,1.0
317295a13,1.0
111411b12,1.0
210457b10,0.0
110910c30,-0.0
421791a39,2.0
120730a15,0.0
110366b21,1.0
315078c7,5.0
314453a32,-0.0
120563a30,-0.0
220999a13,2.0
312931c18,-0.0
120940a41,-0.0
119643a32,-0.0
110730b10,-0.0
321483a35,0.0
115198c39,0.0
421791a14,4.0
416992a19,2.0
122632a32,-1.0
317454a37,-0.0
316890a10,1.0
312996a3,1.0
311300c36,0.0
122597a16,2.0
315073c29,-1.0
415427a3,3.0
218851a11,2.0
312741c13,0.0
317424a33,-0.0
111215c5,2.0
112598c11,4.0
314244a14,3.0
312285b29,-0.0
313801c4,-0.0
110399c36,1.0
210688b19,3.0
122285a4,5.0
113816c8,0.0
220373a11,5.0
112800c6,3.0
120051a16,3.0
310167b18,1.0
217985a21,-0.0
212762a31,1.0
219595a17,2.0
415525a21,2.0
211391b14,6.0
314290a50,0.0
315234a41,-0.0
311512b14,-0.0
311961c5,3.0
411159a14,-0.0
315866a50,0.0
310402a33,1.0
310647c30,1.0
211027a21,1.0
122491a41,-0.0
122303a13,-0.0
313833a11,5.0
310283b11,1.0
311851b44,0.0
313503c41,0.0
112096c35,0.0
315117c9,0.0
118279a19,-0.0
313325c22,-0.0
218958a2,2.0
313840c27,1.0
310298b3,1.0
111306c12,2.0
314282c16,-0.0
120251a6,0.0
115419c34,-1.0
218589a12,4.0
312163b40,0.0
312168b33,0.0
118726a9,0.0
310280a26,-0.0
114373c17,2.0
310283c32,-0.0
110551c1,2.0
317298a1,1.0
121329a23,-0.0
220860a31,-0.0
210455b6,1.0
112758c40,-0.0
114225c29,-0.0
314182c19,0.0
315234a28,-0.0
419472a13,5.0
314601c17,1.0
121141a22,-0.0
120560a22,-0.0
111217c8,2.0
315793a13,4.0
111313c1,3.0
120950a26,1.0
312521c3,1.0
312588c16,2.0
221604a4,2.0
311532b4,-0.0
310948c26,1.0
411159a1,1.0
220650a31,-0.0
414637a12,3.0
317388a24,0.0
415429a32,-0.0
415434a9,3.0
310284b3,0.0
113924c32,1.0
114335c11,3.0
114225c18,1.0
310855b30,3.0
310282c29,3.0
110806c3,3.0
212082b29,1.0
120536a41,0.0
413748a29,1.0
211220b20,2.0
110811c12,0.0
415540a26,-0.0
314583a28,0.0
314611c27,-0.0
314275c9,2.0
210218b38,0.0
311665c31,4.0
311761c28,-0.0
222175a26,-0.0
314984c9,4.0
312521c13,2.0
313118c25,2.0
121553a35,0.0
112609c26,2.0
314432c19,-0.0
310993a35,-1.0
114542c20,-0.0
214085c2,1.0
119844a5,-0.0
312807c27,-0.0
112034c9,0.0
118570a30,-0.0
312633c35,1.0
115288c19,3.0
121547a5,1.0
311923c4,0.0
210408b51,1.0
219604a23,1.0
110841b34,-0.0
110525b13,-0.0
110762c23,3.0
210465b39,-0.0
216899a47,0.0
110090b11,2.0
118120a23,-0.0
317439a15,-1.0
122616a28,2.0
220844a14,3.0
311258b23,0.0
311482a46,0.0
112007c29,-0.0
222079a27,1.0
210706b2,2.0
313800c42,-0.0
112161c32,-0.0
311154b45,0.0
310769c17,-0.0
218905a29,1.0
310080a21,-0.0
313765a55,0.0
313440c19,-0.0
118601a8,1.0
312785c35,1.0
115530c29,1.0
314050c30,1.0
122488a32,-0.0
111972b43,0.0
417001a6,3.0
220156a31,-0.0
316741a26,-0.0
115519c33,0.0
313156c27,-0.0
217847a26,-0.0
112073c47,-1.0
118570a25,-0.0
115461c31,1.0
221161a11,1.0
313843c31,0.0
220100a8,4.0
220235a27,0.0
315236a23,-0.0
111879b30,0.0
121340a49,0.0
312528c36,1.0
210923b27,1.0
415400a8,2.0
417052a11,4.0
312760c8,2.0
212220b29,1.0
310441a32,-0.0
220509a4,0.0
111284b16,-0.0
111988b3,0.0
211843b13,3.0
211738b16,2.0
211414b23,2.0
122150a14,5.0
310113c17,-0.0
218889a36,1.0
312125c45,-0.0
119838a15,1.0
314156c26,2.0
218047a19,1.0
110008c9,3.0
217328a29,-0.0
317303a48,0.0
312935c22,-0.0
212076b6,3.0
314237a26,-0.0
315056c18,-0.0
118308a34,2.0
313359c31,1.0
313343c40,-0.0
119308a19,1.0
219214a7,2.0
314247c40,0.0
115484c2,3.0
110545b17,-0.0
218416a39,-0.0
312916c45,-0.0
211193b9,4.0
314660c14,2.0
118710a10,-0.0
315572a17,3.0
213259c9,2.0
311246c43,2.0
310889c22,2.0
314122c40,1.0
311964c5,0.0
316826a44,0.0
412515a25,2.0
120804a30,-0.0
219821a12,-0.0
119314a10,0.0
211414b31,1.0
119689a14,-0.0
221401a25,2.0
311654b42,0.0
313436c1,2.0
314966c26,-0.0
220137a38,1.0
318357a19,-0.0
221267a30,1.0
222567a17,0.0
115312c11,2.0
114796c27,1.0
119971a16,-0.0
221242a22,1.0
313840c14,4.0
316826a11,2.0
313808c40,0.0
113977c25,1.0
121175a21,0.0
312742c31,4.0
212114b11,2.0
315935a40,1.0
313940c33,1.0
119530a5,1.0
311895b18,1.0
313032c2,0.0
114656c10,3.0
113412a27,-0.0
112596c1,1.0
311089c3,0.0
212228b31,1.0
115479c16,2.0
312997a49,0.0
222562a3,0.0
312131c22,3.0
311897b12,1.0
311298c38,-0.0
219595a22,2.0
214567c3,3.0
311936c41,0.0
415212a25,2.0
115440c21,2.0
312316b7,2.0
115223c26,3.0
310421a11,2.0
313917c3,0.0
312302c16,0.0
217943a23,1.0
219207a28,3.0
313307c8,2.0
312527c31,0.0
415291a49,0.0
120806a59,1.0
121721a10,0.0
310781c48,0.0
310141c20,3.0
220140a20,1.0
211388b1,1.0
210040b16,4.0
415344a6,2.0
311357a36,2.0
312241c12,1.0
311007b10,2.0
314963c17,-0.0
210479b20,2.0
220877a17,4.0
312937c3,0.0
313749c35,0.0
220367a21,9.0
314556c17,0.0
419930a22,-0.0
120288a20,1.0
222320a7,2.0
315063c19,2.0
311927b19,-0.0
412408a20,1.0
312810c42,0.0
311456a12,2.0
221009a10,3.0
416882a47,-0.0
120056a10,3.0
312423c25,2.0
310224c43,-0.0
410851a22,3.0
412569a13,5.0
212337c12,1.0
119393a24,-1.0
315307a44,-0.0
118721a41,0.0
220075a28,2.0
212219b4,0.0
310616b29,-0.0
312199a11,2.0
314040c32,-0.0
110438c28,2.0
310380a23,2.0
111104c28,-0.0
120416a32,1.0
111776b40,0.0
120196a14,0.0
211617b21,1.0
110954c11,0.0
120927a25,1.0
311548b53,0.0
112164c7,3.0
314789c21,-1.0
314928c16,4.0
111026b57,-0.0
221366a21,3.0
113387c38,0.0
310149a13,1.0
214094c8,3.0
119569a28,1.0
121091a28,-0.0
218913a5,0.0
312216c8,3.0
214402c4,3.0
113100c14,2.0
314003c19,1.0
310390b13,1.0
311765c14,3.0
311528a1,1.0
115526c24,-0.0
411976a7,1.0
120820a8,1.0
119128a6,0.0
317303a11,2.0
310120c10,2.0
120393a14,1.0
219215a26,1.0
120180a15,1.0
220598a31,-0.0
312451c48,1.0
314034c29,-0.0
315055c11,0.0
421526a7,1.0
221358a31,2.0
310892c14,5.0
310339a42,-0.0
314831c10,0.0
316094a28,2.0
312194c3,2.0
114140c33,1.0
120249a24,2.0
220384a21,1.0
314183c7,1.0
417226a1,2.0
412478a18,2.0
112958c7,2.0
112495c3,0.0
418781a7,-0.0
219036a31,0.0
112012c46,1.0
310986c25,1.0
221419a19,3.0
219120a41,1.0
310424b16,0.0
218195a8,4.0
311917c18,2.0
120708a32,-0.0
118707a15,2.0
313698c6,0.0
121155a17,0.0
218001a16,0.0
112170c38,0.0
316833a44,0.0
219603a3,1.0
412642a35,0.0
120318a26,-0.0
221588a9,2.0
119158a43,0.0
121142a33,2.0
314583c42,0.0
311654b49,0.0
313747c23,-0.0
120292a36,-0.0
218051a17,0.0
119436a2,1.0
313749c5,2.0
221403a37,-0.0
120292a24,1.0
314442a31,-0.0
115388c50,0.0
314461c9,0.0
314878c30,0.0
110396b40,0.0
110262c10,1.0
210496b27,-0.0
221031a14,-0.0
213891a14,1.0
222596a19,3.0
310279b48,1.0
213042c21,-0.0
119687a41,0.0
414035a17,1.0
115447c30,5.0
110811c9,2.0
110571b21,-0.0
210874a9,3.0
312574c27,3.0
120925a2,1.0
311278c43,1.0
219611a12,2.0
310255a47,1.0
111760b11,-0.0
218413a6,2.0
311128c16,4.0
221692a26,1.0
311170b13,-0.0
110270b17,0.0
218889a29,0.0
311484a13,3.0
413227a25,1.0
118277a23,-0.0
110733b17,-0.0
220209a11,-0.0
218603a1,7.0
310985c30,1.0
311077c36,1.0
222544a35,2.0
313034c2,2.0
412578a8,2.0
119831a23,2.0
111540b3,1.0
110841b32,-0.0
311455a49,0.0
313144c37,0.0
118721a35,0.0
313128c5,1.0
119712a19,0.0
419859a19,1.0
122490a32,-0.0
115280c2,1.0
310543c46,1.0
317387a30,-0.0
313032c34,2.0
121155a12,3.0
115011c16,3.0
211191b9,4.0
113845c22,1.0
120613a35,0.0
317382a17,1.0
311500b42,0.0
310132c18,0.0
316069a19,2.0
115540c15,-0.0
311329c44,0.0
111215c18,2.0
114656c32,-0.0
312526c19,1.0
118275a50,0.0
313781c5,0.0
115542c28,1.0
210487b12,2.0
313510c7,2.0
313823c17,0.0
313204c17,-0.0
311762b24,0.0
314051c42,-0.0
411645a4,3.0
312459c22,-0.0
210502b17,2.0
111760b25,0.0
314486c29,1.0
121094a10,-0.0
111940b35,1.0
118834a8,2.0
118794a19,-0.0
214567c14,4.0
122199a10,1.0
314812c44,0.0
221474a6,1.0
316287a9,3.0
110005c8,0.0
114667a39,0.0
211378a3,2.0
114768c22,-0.0
412528a33,-0.0
316019a17,0.0
118306a32,1.0
110236c33,-0.0
317230a40,0.0
314389a28,2.0
211486b24,-0.0
119567a36,0.0
415530a2,3.0
314304c37,1.0
218429a7,1.0
118550a16,3.0
312725c25,1.0
218899a14,2.0
416121a13,0.0
212222b4,2.0
110859c32,0.0
220084a36,-0.0
315234a42,0.0
318529a43,0.0
210511c50,0.0
310371a35,-0.0
219752a6,1.0
314691c29,-1.0
414643a25,3.0
314478a6,2.0
215889a4,1.0
313674a25,1.0
214533c16,2.0
120563a21,0.0
314436c26,0.0
312224c16,2.0
118102a31,2.0
413360a20,2.0
111740c18,0.0
112417c33,0.0
220630a26,1.0
311424c31,0.0
317453a14,2.0
122371a13,0.0
311626b41,0.0
312727c22,1.0
318521a8,0.0
119662a10,5.0
314689c36,-0.0
115274c6,2.0
311929b2,3.0
316826a18,-0.0
311682a1,2.0
415533a9,4.0
311155b13,1.0
112164c20,0.0
311481a18,-0.0
115437c8,3.0
218619a8,1.0
310447a31,-0.0
411132a4,2.0
218591a20,1.0
220844a30,0.0
218907a8,2.0
315572a45,-0.0
318357a15,0.0
413227a13,1.0
113568c16,3.0
112073c22,2.0
311897c4,5.0
110680c34,-0.0
220125a15,2.0
121089a51,0.0
313690c26,-0.0
110953c9,1.0
310402a7,1.0
218879a19,-0.0
310031c35,1.0
119733a9,0.0
211835b5,2.0
119560a6,2.0
314928c34,0.0
110564b35,1.0
312517c53,1.0
315056c6,-0.0
118719a15,1.0
421791a2,-1.0
110859c29,-0.0
111978b38,0.0
113237c1,2.0
120441a24,-0.0
313339c9,1.0
313120c26,-0.0
112177b14,2.0
317372a43,-0.0
314246a40,1.0
417288a24,-0.0
313792c37,-0.0
315572a19,2.0
110399c2,1.0
313037c22,2.0
214568c4,4.0
314067a49,0.0
114535c23,1.0
317422a17,0.0
415529a22,3.0
314455c5,2.0
111713c48,1.0
115196c40,0.0
111216c38,-1.0
312575c10,2.0
312528c23,1.0
218949a12,6.0
415465a32,0.0
314304c32,2.0
222131a25,1.0
218596a3,0.0
114377c15,1.0
115550c40,0.0
218949a29,1.0
111398b3,0.0
312115c47,0.0
110390c23,3.0
310670c3,-0.0
310647c11,0.0
413748a32,0.0
311359a1,1.0
119868a14,3.0
312383c46,1.0
418781a32,-0.0
218066a2,4.0
110200b14,3.0
314414a44,0.0
310390b27,-0.0
313028c11,3.0
212060b21,2.0
217929a49,1.0
111278b25,0.0
310542b3,1.0
316049a8,0.0
218946a15,2.0
110262c16,0.0
315858a9,0.0
310161c50,0.0
111371c8,0.0
119448a26,-1.0
316031a28,2.0
314708c2,-0.0
312025b4,1.0
212063b9,3.0
211802b34,-0.0
312125c43,0.0
314164c24,0.0
219223a20,2.0
417607a27,0.0
211186b8,2.0
210926b14,2.0
312289a45,0.0
310100c44,0.0
315854a41,-0.0
310216c45,1.0
310403c42,-0.0
110430b18,2.0
312026b11,1.0
111026b37,-0.0
110367b4,-0.0
115194c8,1.0
119568a8,2.0
121533a35,0.0
115235c9,1.0
317242a35,-0.0
314984c20,0.0
318526a24,1.0
313711c38,-0.0
110714b23,-0.0
211382b38,1.0
412357a3,0.0
311352b1,1.0
311147b39,-0.0
220398a6,3.0
414782a36,1.0
311247c12,2.0
110014c18,-0.0
310889c33,1.0
310431b42,0.0
113565c27,-0.0
314027c18,2.0
219975a31,1.0
113560c40,-0.0
221374a21,1.0
218465a8,1.0
412828a27,0.0
312659a12,2.0
310113c25,-0.0
112959c10,2.0
315970a19,-0.0
314229a10,3.0
113589c12,0.0
314643c26,-0.0
222070a19,-0.0
313536c6,0.0
313761c37,-0.0
312689c27,6.0
222081a36,-0.0
211378a45,1.0
218986a30,2.0
417124a9,-0.0
312154b22,2.0
310469a4,1.0
311508a41,1.0
311372b49,0.0
310748c50,1.0
310464a15,2.0
414027a8,3.0
313485c33,-0.0
317570a3,1.0
313017c30,-0.0
222593a34,1.0
310465c13,1.0
112073c4,2.0
418781a23,2.0
310559b58,0.0
120716a12,2.0
110851b10,1.0
218588a11,3.0
313155c5,-0.0
212837c10,1.0
311777c2,0.0
118182a34,0.0
315184c30,-0.0
111987b22,-0.0
110114b1,3.0
310585b26,2.0
311559a15,0.0
119856a50,1.0
314453a3,-0.0
415490a2,2.0
122728a25,1.0
218500a13,2.0
118565a27,1.0
311723b33,-0.0
311348b2,2.0
311932b10,-1.0
115288c7,3.0
218944a19,4.0
219223a23,2.0
211456c15,2.0
120966a32,-0.0
118729a22,-0.0
317412a32,1.0
113766c7,4.0
122287a29,1.0
110810c40,-0.0
312856a24,4.0
111744c18,3.0
111915c29,2.0
318494a20,-0.0
120288a5,0.0
121603a40,0.0
218892a6,0.0
222596a17,3.0
315121a20,4.0
314302a37,2.0
221046a30,-0.0
111367c1,1.0
319323a8,0.0
412639a2,0.0
220527a18,0.0
219192a8,2.0
316069a7,6.0
310170c51,1.0
212108b27,8.0
417858a7,3.0
314050c38,-0.0
315244c15,-1.0
113589c18,1.0
313205c4,0.0
115543c3,1.0
312615c9,2.0
111309b59,1.0
210358b22,1.0
110345b44,0.0
313028c14,1.0
314354a8,1.0
121426a31,1.0
312785c19,1.0
118609a4,3.0
313165a42,0.0
218961a17,3.0
219220a7,3.0
111638b5,1.0
220513a6,0.0
313184c28,-0.0
119655a19,1.0
314292c30,1.0
119448a6,5.0
110806c22,1.0
220159a16,1.0
415523a19,4.0
313828c40,0.0
211880c23,0.0
218955a21,2.0
316098a27,2.0
314072a11,3.0
111026b64,0.0
220344a6,2.0
317400a34,-0.0
412496a23,0.0
218635a9,3.0
314448a14,1.0
314944c23,2.0
319324a41,-0.0
317248a22,0.0
212229b25,-0.0
121534a14,-0.0
121355a39,-1.0
220066a25,2.0
312217c39,0.0
110576c10,3.0
313310c14,2.0
120806a16,3.0
115358c9,3.0
111146c10,0.0
413959a19,0.0
410211a9,-1.0
110803c15,2.0
314304a34,1.0
120047a9,0.0
315993a36,1.0
122058a1,1.0
114775c25,2.0
110571b29,-0.0
111876b22,-1.0
312787a40,0.0
315862a19,0.0
110954c25,1.0
211818b31,0.0
312120c22,0.0
119856a10,0.0
317233a23,2.0
121218a37,0.0
417001a20,5.0
311125c8,1.0
112019a12,-0.0
312635c5,0.0
110663c57,1.0
311667c54,1.0
111449c23,4.0
315988a38,-0.0
119432a18,0.0
315783a2,-0.0
115211c7,2.0
314438a26,3.0
119959a21,1.0
411137a12,2.0
314708c32,3.0
111634b41,-0.0
312722c6,3.0
110527b13,-0.0
212411c15,1.0
217950a28,0.0
411035a4,3.0
222073a20,-0.0
218413a10,1.0
314300a53,1.0
419468a25,2.0
214085c13,1.0
210322b5,2.0
119856a53,1.0
220576a5,3.0
313938c37,0.0
417288a29,0.0
110009c25,2.0
312741c11,1.0
221065a3,2.0
121200a6,1.0
313780c4,1.0
311721b1,3.0
417287a25,2.0
113281a3,0.0
219120a27,2.0
312959a9,2.0
122329a18,1.0
220015a27,-0.0
219203a28,2.0
314299a39,1.0
310062c15,-0.0
221066a14,0.0
221587a12,0.0
318270a18,2.0
311682a43,0.0
118135a21,2.0
416734a28,2.0
311763c22,-0.0
114203c14,5.0
120297a25,0.0
121485a17,2.0
110954c20,3.0
218629a13,2.0
314051c41,-0.0
417025a20,2.0
120942a27,0.0
310670c41,-0.0
315322c4,0.0
119651a8,0.0
311494b47,0.0
122352a10,1.0
111742c43,18.0
119361a16,1.0
212047b6,2.0
311671c10,3.0
120264a31,-0.0
310144c38,-0.0
310162b22,2.0
210778c1,1.0
111410b25,-0.0
120028a48,1.0
217958a7,1.0
310315c7,-0.0
314424a5,-1.0
120688a31,0.0
111457b10,1.0
212222b22,2.0
119647a8,2.0
311795c12,4.0
314588a21,-0.0
315161c7,3.0
115288c32,2.0
119563a6,1.0
310894c14,2.0
222203a24,1.0
313826c21,3.0
313701c27,1.0
213692a18,0.0
217922a22,-0.0
415533a2,-1.0
311534b24,1.0
319552a31,1.0
319324a45,0.0
316047a26,-0.0
313369c35,0.0
110440c41,0.0
218911a51,1.0
119297a37,-0.0
312935c9,1.0
415457a2,1.0
121749a7,3.0
218955a15,2.0
314358a24,0.0
220359a14,1.0
113966c30,3.0
217927a14,1.0
222403a21,2.0
120563a14,3.0
311937b5,1.0
111269b29,1.0
313912c22,-0.0
315345c19,2.0
122483a29,-0.0
219623a19,-0.0
211172b9,4.0
217956a17,3.0
314272c44,-0.0
312199b35,1.0
210674b8,2.0
112740c43,-0.0
212387c27,2.0
218674a29,1.0
122504a1,2.0
110755c5,0.0
212040b24,3.0
314452c1,1.0
314424c13,1.0
219107a17,4.0
220884a48,1.0
311166b26,1.0
115319c34,2.0
119830a40,0.0
314638c30,0.0
317479a5,-0.0
120754a23,0.0
310959c25,1.0
312984a16,3.0
221690a24,0.0
213289c1,1.0
214532c10,3.0
122383a1,2.0
312936c39,0.0
317469a21,2.0
219260a25,1.0
311251c26,-0.0
119406a11,0.0
315967a26,-0.0
218853a2,2.0
111650c36,3.0
121179a64,0.0
321720a32,1.0
313536c14,0.0
311851b25,1.0
218490a7,1.0
219780a11,5.0
320789a43,-0.0
317092a22,2.0
220152a33,3.0
421872a11,2.0
314018c15,-0.0
415208a20,-0.0
313503c32,1.0
313462c38,-0.0
221065a20,3.0
312289b8,-0.0
122635a2,0.0
220586a18,3.0
311562a34,2.0
115542c4,3.0
311514b15,-0.0
112800c21,1.0
311191a20,2.0
120745a25,-0.0
314449c38,1.0
314826c23,1.0
310542c43,1.0
110350c42,2.0
211349c19,0.0
414034a24,3.0
210920c32,-0.0
110410b18,2.0
113542c25,1.0
211740b5,2.0
111819a2,0.0
412478a28,0.0
218044a41,1.0
313174a13,1.0
211170c1,2.0
213895c19,2.0
114937c38,0.0
219196a22,3.0
122229a20,2.0
210731c19,4.0
115286c7,0.0
310804c3,0.0
110710a33,-1.0
310115c32,-0.0
221077a23,2.0
310809c53,1.0
211055a12,2.0
311776c38,0.0
313830a28,2.0
220391a21,1.0
313938c13,2.0
310428b38,-0.0
310989c11,2.0
119957a35,0.0
121223a21,-0.0
316020a18,2.0
110567b4,0.0
110152b4,-0.0
110390c21,3.0
312786c7,2.0
218631a23,1.0
119697a16,-0.0
316012a16,2.0
313028c31,-0.0
316740a16,1.0
115441c8,0.0
310889c6,1.0
310071c24,-0.0
210219b27,-0.0
111453b8,0.0
313782c18,-0.0
311484a30,1.0
210323b3,2.0
311494b16,2.0
314247a37,-0.0
114796c29,-1.0
218889a25,1.0
316029a32,0.0
311765c5,3.0
222585a8,-3.0
312614c8,0.0
312447c6,0.0
311664c6,6.0
314350c8,0.0
416992a20,2.0
212328c30,0.0
113579c37,0.0
312138b9,2.0
310774c40,1.0
118721a40,0.0
310373b21,-0.0
218875a11,2.0
111884b19,-0.0
214268c7,1.0
211830b15,1.0
313129c29,-0.0
118202a50,0.0
313026c44,-0.0
110518b7,0.0
313145c33,0.0
110524b2,1.0
410850a20,3.0
419930a14,-0.0
314841c3,0.0
115252c16,0.0
314709c16,3.0
120429a34,-0.0
314230a17,2.0
121216a7,5.0
119832a47,-0.0
311655b11,1.0
118210a11,1.0
311412a11,1.0
113560c35,1.0
313155c18,-0.0
112158b47,1.0
312069c18,1.0
315244c12,1.0
214568c20,0.0
411399a16,1.0
310799c27,1.0
121101a20,-0.0
218502a14,-1.0
318494a11,-0.0
217809a5,-0.0
314037c30,0.0
115198c9,0.0
314358a19,1.0
220015a11,5.0
313127c8,3.0
211830b16,-0.0
311765c16,3.0
310161c7,2.0
314812c4,-0.0
110572c8,1.0
111277a37,-0.0
110551c10,3.0
315580a52,0.0
120407a21,0.0
415843a19,3.0
312851a37,0.0
210655c4,1.0
112601c32,0.0
210611b1,2.0
312788a48,1.0
314661c16,2.0
314610c21,0.0
210334b9,2.0
311155c23,3.0
318529a4,3.0
312797a24,-0.0
115084c38,1.0
221358a13,0.0
419905a8,-0.0
112158b31,0.0
219240a34,0.0
110918b4,2.0
118102a14,2.0
219115a4,0.0
110975c5,0.0
313574c27,-0.0
218043a38,2.0
113559c12,0.0
317571a12,1.0
111306c2,1.0
315030c10,3.0
118115a28,-0.0
311532b29,-0.0
313378c30,1.0
311961c21,1.0
314585a22,0.0
317427a34,-0.0
412408a3,-1.0
119309a35,-0.0
312166b4,1.0
214485c21,4.0
311337b49,1.0
110837b11,-0.0
415482a23,2.0
211007a20,-0.0
317310a43,1.0
316019a37,1.0
120063a17,2.0
218474a9,1.0
311293c41,0.0
413225a6,2.0
221411a19,-0.0
310118c10,-0.0
111945c49,1.0
314308a52,0.0
121193a5,0.0
118203a37,1.0
111760b36,-0.0
312926a5,0.0
311011c2,2.0
314337c20,3.0
110409b32,1.0
111945c25,3.0
419900a10,1.0
122484a8,0.0
114536c9,2.0
120288a31,-0.0
313226c36,1.0
313173a20,-0.0
119969a13,1.0
110345b33,0.0
315579a47,1.0
312168b16,1.0
320763a2,0.0
122328a13,1.0
112542c12,1.0
111700c47,0.0
119443a29,0.0
414035a9,1.0
218097a28,0.0
313680c18,3.0
111914c7,0.0
121132a6,4.0
115257c3,1.0
210226b18,1.0
313740c16,-0.0
314633c49,-0.0
111742c24,2.0
210659b9,1.0
219124a29,-0.0
310683c16,1.0
311677c24,-0.0
314035c1,1.0
121775a38,-0.0
311898c30,1.0
313314c40,-0.0
310499c30,1.0
111692c14,3.0
118139a9,1.0
419500a17,2.0
310064c39,0.0
113978c13,1.0
311684c23,3.0
218503a10,2.0
212067b30,1.0
111974b48,0.0
310800c23,-0.0
417858a2,1.0
310643b28,1.0
122372a14,4.0
122068a13,0.0
311892b26,-0.0
316019a35,1.0
111541b20,0.0
311161c37,1.0
311126c36,0.0
417280a23,1.0
312616c1,2.0
312853a30,1.0
316892a42,-0.0
410541a34,-0.0
320302a36,0.0
111669b2,1.0
112764c27,0.0
120732a12,0.0
121603a45,1.0
316738a41,-0.0
119432a14,1.0
310081c9,3.0
412530a33,-0.0
110693c5,0.0
113559c30,1.0
111689c27,-0.0
413749a19,1.0
310372c44,1.0
314745c26,0.0
314692c29,-0.0
315057c26,0.0
118103a55,1.0
213722c14,1.0
110008c34,-0.0
119734a28,-0.0
111539b4,1.0
311293b16,4.0
314165c33,-0.0
315875a47,0.0
311560a38,-0.0
310321c30,-0.0
118575a19,0.0
312784a21,0.0
311412a21,3.0
119807a33,0.0
313906c39,-0.0
311248c17,2.0
122497a21,1.0
410884a19,2.0
311482a22,0.0
311545b15,-0.0
113482a12,0.0
312388c29,-0.0
210408b48,1.0
115981a3,1.0
218195a3,3.0
221057a29,-0.0
314932c20,-0.0
314393a33,-0.0
111945c38,1.0
115472c11,3.0
413977a11,2.0
115223c3,4.0
220984a8,0.0
311159b27,2.0
110810c33,-0.0
310888c4,0.0
312949a46,1.0
314005c13,0.0
212372c20,1.0
312976c2,1.0
114753c33,1.0
314155c34,-0.0
210334b6,2.0
211228b32,-0.0
410544a5,-0.0
310642b16,2.0
313750c6,3.0
218901a7,2.0
320515a35,1.0
222507a40,0.0
313013a36,1.0
220348a19,2.0
313037c34,0.0
312402c26,1.0
115465c17,2.0
115541c36,0.0
313028c28,-0.0
315579a42,-0.0
220984a26,2.0
120258a36,-0.0
412639a17,1.0
219781a29,1.0
314417c21,2.0
310162b35,-0.0
120258a27,3.0
220991a31,-0.0
314192c22,-1.0
115146c45,-0.0
412539a10,2.0
220116a9,2.0
110576c41,0.0
312125c51,-0.0
312925a45,0.0
110898c8,2.0
315783a44,1.0
410929a14,2.0
119712a22,-0.0
111887b44,0.0
211191b2,2.0
311649b6,0.0
110808c1,1.0
311353b47,0.0
313048a23,-0.0
118727a4,3.0
115038c8,-0.0
221048a24,-0.0
311293c7,-0.0
119545a21,3.0
312786c20,-0.0
219752a22,2.0
110901c39,-0.0
311682c29,-1.0
115471c21,3.0
310434b18,0.0
110996c33,-0.0
311677c39,1.0
211225b12,2.0
110867c45,-0.0
311783c46,0.0
112608c46,0.0
220635a13,2.0
412573a25,1.0
111419b11,0.0
115379c36,0.0
111253b57,1.0
120565a48,1.0
310106c34,1.0
311710b24,-7.0
317574a48,0.0
115521c4,4.0
310159c32,1.0
313242a41,1.0
211390b24,4.0
121547a13,0.0
112975a20,2.0
119309a26,1.0
119643a28,-0.0
115198c14,2.0
221419a23,0.0
212260c19,-0.0
412771a16,1.0
310774c36,-1.0
311625a18,4.0
315022c29,2.0
219087a8,2.0
114199c36,2.0
211628c13,3.0
316015a11,0.0
115520c34,0.0
314647c43,-0.0
111237c17,-0.0
313485c15,-0.0
410896a24,0.0
119314a5,0.0
314975c13,0.0
110576c19,0.0
219220a3,1.0
211811b12,3.0
211618b22,2.0
314657a20,-0.0
115014c47,-0.0
119057a9,0.0
221239a33,1.0
211218b26,0.0
218474a10,3.0
313047a10,1.0
311624a7,7.0
312137b35,1.0
219260a5,1.0
119651a4,2.0
310991b16,1.0
217925a16,1.0
111800c36,0.0
313310c21,0.0
311094c32,3.0
311845c36,1.0
119855a29,-0.0
313504c8,2.0
111861b50,0.0
216850a32,-0.0
417008a20,5.0
115409c35,-0.0
310989c28,1.0
415128a21,-0.0
313008a17,-0.0
118336a50,0.0
312376c10,2.0
118141a9,1.0
313574c29,2.0
312286c20,3.0
115308c33,1.0
310418a10,2.0
310969c19,4.0
210351b41,0.0
312362a1,2.0
115014c31,1.0
315307a7,4.0
318549a4,2.0
219748a14,2.0
314294a17,2.0
220114a4,3.0
320759a51,0.0
417024a8,2.0
311425a30,3.0
311144b29,2.0
314439c16,2.0
118577a27,-0.0
312099c39,-0.0
122651a28,-0.0
111642b27,-1.0
314233a12,2.0
119639a1,1.0
310442a20,3.0
119333a16,1.0
211818b30,-0.0
110557c51,0.0
212101b9,1.0
119066a20,1.0
119292a27,1.0
118801a30,-0.0
312313b10,-0.0
221077a18,4.0
312995a28,2.0
311621b3,0.0
312198b36,2.0
112513c6,2.0
120808a7,3.0
212041b37,-0.0
314933c16,-0.0
220478a36,1.0
118109a12,0.0
310497c20,1.0
414279a12,7.0
317574a10,2.0
313701c22,1.0
220880a11,0.0
310616b56,1.0
220084a8,3.0
111099c26,-0.0
314674c33,-0.0
310614c9,2.0
110531b21,1.0
417227a11,1.0
120290a41,0.0
122064a21,-0.0
218468a19,-0.0
211568b8,4.0
313824c28,1.0
310120c48,0.0
311269c54,-0.0
121762a24,2.0
314274c21,1.0
212206b40,0.0
218899a33,1.0
113592c36,1.0
113568c19,2.0
310063c15,5.0
110433b40,-0.0
314124c21,2.0
221274a4,3.0
220156a13,7.0
210213b27,0.0
110143b3,0.0
412460a7,1.0
312286b10,2.0
419499a4,3.0
219090a27,-0.0
310219c4,-0.0
210408b29,0.0
115456c14,3.0
220510a6,1.0
114216c39,2.0
110440c8,0.0
317141a40,0.0
219231a5,-0.0
312982a15,3.0
218506a3,0.0
310255a9,0.0
119511a8,0.0
321644a3,1.0
110922b60,1.0
312223c37,1.0
111713c28,0.0
220367a34,-0.0
210926b15,2.0
310282b20,-0.0
313117c35,1.0
119663a33,-0.0
312125c4,0.0
419929a12,1.0
211811b29,0.0
313031c28,-0.0
317244a14,0.0
311897c20,1.0
314337c17,3.0
313527c1,2.0
115455c11,0.0
314354a15,4.0
314894c28,-0.0
311746c21,3.0
213286c4,2.0
220113a17,-0.0
220870a20,0.0
114142a33,-0.0
211796b14,2.0
313376c21,1.0
313837a7,4.0
311369a20,1.0
112690a4,-0.0
111806c5,0.0
113592c19,1.0
413360a41,-0.0
321323a34,1.0
417004a3,1.0
312638c27,-0.0
111989b38,-0.0
111740c7,0.0
313800c12,3.0
110620c17,0.0
315318c36,-0.0
310172c10,1.0
317481a22,-0.0
118110a17,0.0
313343c14,4.0
317383a18,1.0
217941a13,1.0
314841c1,2.0
112176b17,-0.0
311261b24,2.0
314475a36,1.0
119395a17,-0.0
312807c15,1.0
316011a17,1.0
414518a29,-0.0
120261a30,-0.0
219207a16,-3.0
115214c14,-0.0
317095a3,0.0
313248c32,-0.0
110694c35,-0.0
310670c33,0.0
219184a21,1.0
312162b29,-0.0
315851a28,1.0
219975a9,2.0
312215c24,4.0
412477a19,4.0
310431b24,-0.0
313826c8,3.0
313778c23,0.0
110994c4,2.0
113579c26,1.0
312244c44,1.0
110910b21,2.0
120906a30,-0.0
114195c17,-0.0
310951c30,-0.0
217986a20,2.0
114225c31,1.0
222175a42,-0.0
121214a14,0.0
313778c1,2.0
312295a46,2.0
213787a6,2.0
111740c9,1.0
310371b46,0.0
313937c25,-0.0
311499b36,-0.0
112073c9,2.0
315777a10,2.0
110755c14,0.0
314659c11,2.0
113281a35,-0.0
113845c21,0.0
114142a41,0.0
218258a9,1.0
114199c28,2.0
210700b14,2.0
311455a22,1.0
222097a15,5.0
210681b27,1.0
210328b28,1.0
113734c4,0.0
118211a31,1.0
119969a9,0.0
314354a24,4.0
314814c8,-0.0
110831b38,0.0
314928c21,3.0
314933c12,-0.0
115270c12,0.0
213384c30,0.0
317239a48,0.0
313031c40,0.0
416418a1,2.0
110864c11,1.0
111978b1,2.0
119128a1,2.0
119420a14,1.0
310781c53,0.0
113593c36,1.0
311757c20,-0.0
314022c38,1.0
118808a12,2.0
111813c36,-0.0
119378a25,-0.0
312931c5,0.0
316031a33,-0.0
415829a28,1.0
219240a24,3.0
314282c8,2.0
311077c34,1.0
310091c29,1.0
218429a29,2.0
311562a8,1.0
220597a4,2.0
118273a15,4.0
311845c48,0.0
212059b6,1.0
221300a11,3.0
211830b3,0.0
211831b17,2.0
317372a2,2.0
111338c30,-0.0
311372b24,-0.0
110841b33,-0.0
212415c20,-0.0
318509a17,0.0
314437a28,2.0
415458a16,1.0
220991a38,0.0
314354a39,2.0
211588b1,2.0
221366a42,0.0
111377b2,-0.0
415536a24,2.0
313827c19,-1.0
311295c3,-0.0
312859a43,1.0
314856c19,0.0
311391c18,1.0
315075c17,-0.0
312613c24,-0.0
120807a17,1.0
119361a20,1.0
413818a5,4.0
118326a15,1.0
210453b10,2.0
118121a26,0.0
118573a28,1.0
211464c3,0.0
310966c39,0.0
310084c11,1.0
118330a7,0.0
110442c31,-0.0
211584b29,2.0
210322b25,3.0
111670b15,1.0
310517a10,1.0
217955a4,4.0
111400c33,-0.0
214215a32,0.0
412460a32,-0.0
310096c50,0.0
111963b14,3.0
213891a10,1.0
213692a20,1.0
118279a15,1.0
211585b5,0.0
312267c23,2.0
111974b47,0.0
115529c39,-0.0
110442c36,0.0
222586a9,4.0
120196a41,0.0
314317c20,-0.0
110009c41,0.0
111306c8,3.0
112438c36,0.0
211806b16,4.0
112174c26,1.0
120339a17,0.0
316020a5,4.0
220595a20,2.0
218159a15,0.0
313019a8,1.0
119335a33,-0.0
415834a16,2.0
212083b8,3.0
310995a13,4.0
221436a10,1.0
416269a25,0.0
122352a6,-0.0
212090b2,1.0
111026b7,1.0
310202c33,1.0
313163a1,2.0
318539a9,-0.0
220234a5,0.0
119842a36,0.0
212204b31,0.0
210695b34,1.0
210706b25,-0.0
211435b5,2.0
310709c33,1.0
120745a3,1.0
315055c39,2.0
312062c26,2.0
111103c25,-0.0
211432b6,1.0
110665c22,-0.0
311888c10,2.0
318354a39,0.0
112008a3,1.0
412240a12,2.0
220632a21,1.0
210335b17,2.0
314296a1,1.0
119362a5,3.0
310130b33,-0.0
310505c14,-0.0
122653a16,1.0
314246a16,3.0
113098c28,0.0
312614a3,2.0
115191c6,1.0
210087a19,-0.0
218969a4,3.0
122478a20,3.0
211178b27,1.0
121350a25,2.0
315963a31,1.0
315857a16,1.0
113847c20,3.0
314230a29,1.0
110957c10,2.0
114479c39,2.0
113848c10,3.0
219599a16,2.0
212111b28,2.0
219790a19,-0.0
311851b6,-0.0
413959a21,-0.0
221277a31,-0.0
121151a24,-0.0
313241a23,1.0
315928a33,1.0
315122a6,2.0
311005b30,0.0
311416a47,0.0
410544a11,-0.0
312437c30,1.0
416993a12,-0.0
112776c27,1.0
312322c38,-0.0
118173a4,2.0
312115c35,0.0
313013c11,-0.0
310860a10,0.0
312660c42,0.0
122216a22,-0.0
313830a6,3.0
122392a20,2.0
413945a6,3.0
317290a37,-0.0
121348a29,1.0
121770a25,2.0
111955c42,-0.0
410271a36,-0.0
220635a12,2.0
314360a5,2.0
110949b42,1.0
314689c40,-0.0
419923a2,0.0
411979a16,6.0
111286b9,2.0
313906c24,1.0
222544a18,2.0
215377a5,2.0
314983c16,1.0
318541a15,3.0
220374a10,4.0
119071a28,0.0
114991c11,1.0
111373c21,2.0
210871b11,4.0
220987a16,4.0
311014b31,-0.0
314027c25,1.0
114823c26,1.0
412481a24,2.0
120282a16,-0.0
315170c28,-0.0
310121a16,-0.0
220479a36,1.0
310893c16,0.0
317244a4,0.0
410367a11,1.0
310281b10,-0.0
111449c25,2.0
210492b16,3.0
110436c41,-0.0
221289a15,3.0
119379a23,0.0
120699a52,0.0
112961c11,0.0
121135a29,-0.0
311832c23,1.0
418778a6,2.0
110519b1,1.0
220381a25,0.0
312129c31,1.0
120806a51,0.0
217979a37,1.0
317568a34,-0.0
122483a26,1.0
122482a5,1.0
115301c11,3.0
218489a28,1.0
312549c25,3.0
120728a32,-0.0
313497c9,2.0
314696c14,2.0
314431a35,0.0
417002a29,1.0
211620c21,2.0
313000a5,0.0
315955a34,1.0
114667a41,0.0
122374a29,1.0
218258a29,-0.0
310416a44,0.0
311671c29,-0.0
110839b2,-1.0
119289a39,1.0
315202c26,-1.0
312284c32,3.0
314758c2,2.0
310163b40,1.0
314910c23,0.0
313828a17,4.0
414219a13,3.0
313129c2,-0.0
120982a15,-0.0
413990a16,2.0
210663b10,2.0
313906c15,1.0
218410a15,2.0
119278a5,0.0
221040a32,-0.0
318525a39,1.0
313118c9,1.0
111676b19,-1.0
417061a4,-0.0
218545a2,2.0
314254c38,0.0
218983a10,3.0
413819a9,6.0
220653a15,0.0
210235b27,0.0
122484a31,1.0
313700c30,-0.0
220384a3,0.0
121653a32,-1.0
313771a27,2.0
316025a14,0.0
312027b21,2.0
314312c5,-0.0
313938c5,2.0
120946a23,0.0
318510a21,1.0
311347c27,-0.0
119969a40,-0.0
120251a27,2.0
214404c19,0.0
112510c42,-0.0
115528c47,1.0
312256c31,2.0
121458a42,-0.0
411102a20,0.0
311653c6,2.0
218589a4,1.0
219124a5,3.0
212090b4,2.0
310414b12,4.0
115014c32,1.0
313938c31,1.0
312267c21,2.0
119408a15,-0.0
122742a18,0.0
221045a4,2.0
110705a24,-0.0
110433b36,-0.0
110808c5,1.0
119700a26,0.0
219617a20,1.0
312103c26,3.0
210871b31,-0.0
111640b4,1.0
222410a21,0.0
310577b32,-0.0
310164b5,2.0
218421a4,-0.0
121553a9,3.0
411170a2,2.0
110104b5,1.0
220530a23,1.0
212121b13,4.0
318525a47,1.0
115418c16,-0.0
421872a16,3.0
415427a29,1.0
316889a13,3.0
312613c26,0.0
121151a10,3.0
314300a3,2.0
312139b50,1.0
212081b9,0.0
111778b43,-1.0
219268a4,-0.0
310199c47,0.0
111768b38,0.0
114200c11,4.0
220649a5,3.0
314976c5,2.0
210322b14,3.0
314026c20,-0.0
311004b39,0.0
410367a31,1.0
310711c32,-1.0
312422c32,1.0
119273a31,0.0
212177c6,3.0
221463a8,3.0
412236a23,1.0
110435b2,2.0
310171c2,3.0
311652c18,-0.0
110251b6,1.0
115542c29,1.0
311706b35,0.0
218915a2,2.0
419507a16,6.0
218880a4,0.0
218885a44,0.0
311774c19,0.0
218595a11,3.0
316098a25,4.0
211353c21,2.0
312854a10,2.0
311352b24,-0.0
122359a6,4.0
315927a29,2.0
210515b30,-0.0
221460a9,1.0
311330c36,1.0
311721b11,3.0
312404c21,1.0
314924c35,-1.0
114772c8,0.0
314232c5,2.0
210314b18,1.0
210213b37,0.0
111468b7,-0.0
118306a43,0.0
210156b4,3.0
415476a8,1.0
110445b27,-0.0
416922a46,0.0
110113b26,-0.0
210820b39,0.0
211201b4,-0.0
310183c17,1.0
312404c42,0.0
218908a20,2.0
211378a15,3.0
118808a2,-0.0
211830b11,-0.0
412528a18,0.0
310744c29,-0.0
310118c33,-0.0
320765a22,5.0
314709c28,-0.0
315955a12,3.0
415606a15,1.0
110117c12,1.0
313111c29,-0.0
210689b6,2.0
312288c10,3.0
119292a43,0.0
210478b10,1.0
312246b13,1.0
113976c46,1.0
120435a4,3.0
316047a23,0.0
110117b16,-0.0
111758b17,3.0
312927a42,0.0
115545c4,1.0
310323c46,0.0
311567a24,2.0
313760c24,0.0
122650a11,1.0
314168c13,3.0
210455b14,2.0
110816c39,-0.0
111242b8,4.0
311746c7,1.0
112800c18,2.0
312760c22,2.0
320302a32,-0.0
219033a1,2.0
314810c32,0.0
413225a38,0.0
313843c17,0.0
313768a19,2.0
221401a28,1.0
122632a15,0.0
119969a38,-0.0
310539c14,1.0
311789c12,0.0
311416a53,1.0
111463b29,1.0
211816b40,0.0
312313c7,4.0
217983a11,3.0
313824c4,-0.0
114542c6,1.0
313030c6,1.0
312460c14,-0.0
310641b43,0.0
417014a15,4.0
112495c35,-0.0
122653a15,2.0
119557a25,-0.0
118714a9,-0.0
218942a15,2.0
313488c28,3.0
310062c46,1.0
115455c19,2.0
110901c37,0.0
111856b27,1.0
317567a17,3.0
316826a48,1.0
212204b1,3.0
310281b17,2.0
111316c11,0.0
312612a52,1.0
113593c32,3.0
313667c12,-0.0
112037c41,0.0
221277a42,0.0
311936b52,0.0
118727a23,-1.0
314878c21,-0.0
110536c37,0.0
115263c33,1.0
311851b11,1.0
222554a6,2.0
311125c16,3.0
312199b49,0.0
220359a11,-0.0
314388a27,1.0
311704b5,1.0
311288c44,0.0
110090b2,2.0
315112c2,0.0
416534a9,4.0
113926c4,0.0
111371c13,2.0
312921c15,-0.0
311089c39,1.0
311409c52,1.0
110259b12,2.0
113210c42,0.0
316015a27,3.0
120292a37,-0.0
312129c16,2.0
310585c38,0.0
121150a36,-0.0
110920b12,-0.0
314958c32,0.0
119511a16,-0.0
121533a6,0.0
115336c30,1.0
314442a28,1.0
120941a20,3.0
211438b7,3.0
122216a6,-0.0
119839a5,0.0
120923a22,-0.0
211007a22,1.0
122374a2,1.0
313690c4,2.0
412491a12,2.0
211218b20,1.0
311412a28,2.0
213259c5,2.0
313826c40,-0.0
315059c4,0.0
112512c16,1.0
110007c23,-0.0
218658a21,0.0
122632a24,1.0
222139a30,3.0
310428a33,-0.0
413705a22,2.0
211183c15,2.0
311301c4,2.0
313034c28,-0.0
220554a29,1.0
314301c16,3.0
315955a33,4.0
219222a18,1.0
311710b9,6.0
210852c30,0.0
315235a31,-0.0
121130a18,0.0
316001a5,2.0
121339a4,5.0
310768b31,-0.0
310541b15,2.0
311721b8,3.0
120747a11,0.0
315205c1,2.0
314944c32,1.0
310157c35,-0.0
310562b20,-0.0
111938b2,-0.0
118550a19,-0.0
316035a36,0.0
311158b26,2.0
312617c6,1.0
311893c30,-0.0
312267c18,2.0
211826c12,4.0
312295a21,2.0
119706a30,0.0
317423a15,-0.0
110571b24,-0.0
311657b12,3.0
310258c24,1.0
314807c33,1.0
310282b10,2.0
314159c19,0.0
314192c37,-0.0
314856c25,0.0
220230a31,-0.0
120196a32,2.0
210453b11,3.0
314584c26,-0.0
314288c24,0.0
311514b6,-0.0
312223c28,-0.0
113966c40,-0.0
210668b2,2.0
313801c32,-0.0
313343c33,1.0
110557c54,1.0
218885a34,-0.0
115038c56,1.0
121223a30,-0.0
311682a35,-0.0
119691a10,3.0
113590c1,2.0
112605c6,2.0
119395a30,0.0
115445c44,0.0
210326b4,2.0
417223a24,2.0
218500a2,1.0
320215a23,-0.0
310400a21,0.0
111103c7,1.0
219120a7,3.0
412185a30,2.0
212409c8,0.0
314439a39,0.0
119957a34,1.0
112440c24,-0.0
314160c13,1.0
111270b9,1.0
113816c12,1.0
114210c29,1.0
312759c17,3.0
119010a24,0.0
214379c10,0.0
414029a3,3.0
218484a25,-0.0
310242c13,-0.0
313914c4,1.0
110829b22,1.0
118601a1,1.0
314360a46,1.0
110806c17,2.0
120181a1,3.0
310443a24,-0.0
314346c4,-0.0
110426c3,-0.0
312028b20,3.0
310129b41,1.0
313048a29,1.0
115530c20,3.0
313317c28,-0.0
212230b5,1.0
315788a15,1.0
114547c6,-0.0
412241a16,3.0
314167c2,-0.0
313795c16,2.0
314153c3,2.0
119576a15,1.0
313815c36,2.0
220355a31,0.0
121094a28,-0.0
217763a1,2.0
413956a19,1.0
310853b21,2.0
311789c9,2.0
112041c6,1.0
211219b31,-0.0
318362a3,-0.0
310380a21,1.0
122239a17,5.0
119443a22,2.0
317303a49,-0.0
218955a12,3.0
311348b3,2.0
312670c39,-0.0
122383a19,0.0
212001c28,2.0
111231c26,1.0
313008c3,0.0
115274c14,1.0
110433b37,0.0
415435a7,2.0
120766a4,0.0
111944c1,2.0
317299a15,-0.0
118726a51,0.0
313699c29,2.0
314962c12,1.0
312941c9,1.0
110826c36,-0.0
119135a19,1.0
211990c33,0.0
111777b38,-0.0
112776c38,-0.0
221057a6,2.0
119843a17,-0.0
121157a37,0.0
211214b29,1.0
112599c20,0.0
118707a40,-0.0
310799c1,1.0
220503a45,-0.0
313136c24,0.0
314450a10,2.0
115440c30,0.0
111457c9,3.0
317290a51,0.0
414021a29,-0.0
110304b13,0.0
120772a25,0.0
218855a6,3.0
314359a36,1.0
310945c51,0.0
110014c15,0.0
314431c2,2.0
412192a31,1.0
218983a40,0.0
218859a44,0.0
312619c37,1.0
318811a7,-1.0
415210a29,0.0
315055c23,2.0
219585a18,1.0
110104b10,0.0
220636a23,2.0
313031c43,0.0
310706c3,1.0
211228b5,-0.0
313996c15,0.0
111277b3,0.0
310857a7,-1.0
122620a5,3.0
415425a29,1.0
122150a35,0.0
111939c15,2.0
310372c21,3.0
310889c45,0.0
310283c43,1.0
222073a19,-0.0
211297b27,1.0
417534a15,1.0
220360a4,2.0
310372c14,2.0
118173a40,-0.0
320790a2,1.0
220678a7,1.0
210314b6,4.0
314971c5,5.0
110205b14,3.0
314118c27,1.0
412523a18,0.0
111669b21,-0.0
115489c38,-0.0
114218c37,0.0
313440c51,1.0
111974b18,1.0
120339a25,1.0
314940c9,1.0
317235a28,-0.0
313836c8,2.0
115443c38,1.0
120050a24,0.0
222203a6,2.0
315964a5,0.0
311313b32,0.0
114803c36,0.0
412810a30,0.0
118577a14,1.0
110827c35,-0.0
311896c23,3.0
421526a13,0.0
320220a26,-0.0
119542a19,-0.0
314433c15,1.0
314492c3,0.0
218410a28,3.0
314299a17,1.0
119854a14,-0.0
312793a53,1.0
221069a18,2.0
314113a18,1.0
310748c6,2.0
314954c26,-0.0
115301c45,0.0
312340c31,0.0
113923c27,-0.0
313511c1,1.0
311337b42,2.0
318526a11,-0.0
221285a24,0.0
118103a25,-0.0
310441a40,-0.0
315114c28,-0.0
218911a52,1.0
120187a1,2.0
311313b4,1.0
313910c14,2.0
119640a45,1.0
121163a5,0.0
312685c47,1.0
120321a25,-0.0
311775c41,2.0
414096a27,0.0
313310c50,0.0
120662a21,1.0
310639b13,1.0
115338c22,2.0
212178c19,1.0
314833c10,1.0
119843a30,-0.0
121100a5,0.0
313997c11,6.0
315168c20,-0.0
311296c24,-0.0
320737a37,1.0
221372a9,3.0
313957c30,1.0
110913b21,1.0
111692b10,3.0
114201c39,4.0
111666b34,0.0
112009c34,1.0
120422a20,3.0
212837c15,3.0
314018c3,2.0
212235a1,2.0
211830b7,0.0
214090c37,1.0
413081a8,-1.0
312658a25,1.0
219616a9,0.0
218915a7,3.0
115291c9,-0.0
312242c14,2.0
315993a15,4.0
411734a21,4.0
313030c15,3.0
312938c24,1.0
121332a56,1.0
119288a7,2.0
213897a8,2.0
311187c46,0.0
220585a32,1.0
310372a24,1.0
111863b25,-0.0
312063c39,-0.0
114751c8,2.0
313911c26,1.0
316074a16,4.0
312241c5,0.0
111634b3,1.0
311375c11,2.0
218852a1,1.0
318362a2,-0.0
212211b3,3.0
413945a15,0.0
110663c49,1.0
111824c52,0.0
414021a18,4.0
218885a26,1.0
115453c31,-1.0
110852b9,0.0
115427c15,2.0
310403a12,1.0
115575c19,2.0
312168b26,1.0
219251a31,1.0
214362c28,-0.0
212092b27,1.0
312550c2,4.0
415169a9,4.0
310857a24,1.0
111639b2,0.0
113926c21,1.0
118609a1,3.0
415291a43,-0.0
212040b9,2.0
118578a30,-0.0
411112a18,3.0
320302a7,2.0
121632a19,1.0
310159c19,2.0
313793c25,1.0
419929a4,-0.0
310818c53,0.0
219181a17,1.0
321481a5,1.0
110551c31,1.0
414222a11,3.0
311158b39,-1.0
218095a23,1.0
219762a20,0.0
212242b30,0.0
213721c7,3.0
313793c22,1.0
122492a33,0.0
111692b16,-0.0
118795a6,1.0
310611c22,-1.0
413994a6,2.0
115199c25,-0.0
211442b30,-0.0
212544c19,1.0
314272c24,2.0
317570a21,-0.0
218045a31,2.0
120822a10,1.0
311681a44,0.0
310769c46,1.0
120251a14,1.0
415518a32,0.0
313761c35,-1.0
214090c42,1.0
115506c6,2.0
122492a23,3.0
118707a13,0.0
413124a7,3.0
316097a33,0.0
112071c22,0.0
311501b43,0.0
310431a35,1.0
218076a4,0.0
120923a8,2.0
111905c23,-0.0
221437a8,2.0
310945c19,1.0
312298a5,0.0
317290a40,-0.0
313229c11,-0.0
312369c11,1.0
119560a11,2.0
313701c3,1.0
122199a23,1.0
118345a27,1.0
313310c28,-0.0
310297c53,1.0
313445c26,-0.0
219107a21,0.0
210686b19,2.0
310428a12,1.0
211843b3,0.0
210926b28,0.0
218852a19,3.0
313381c25,-1.0
312727c46,0.0
218490a23,-0.0
210232b34,-1.0
210465b34,0.0
112596c37,-0.0
119679a1,1.0
211563c4,-0.0
310625b30,-0.0
115288c3,2.0
311387c47,0.0
111689c33,0.0
218897a10,0.0
222796a8,4.0
118610a11,3.0
119959a36,1.0
220483a19,2.0
310853b58,0.0
315063c14,2.0
114142a47,0.0
412771a23,0.0
321644a43,-1.0
315780a9,3.0
412498a10,5.0
219199a29,0.0
310742c3,0.0
221386a1,3.0
315139c15,-0.0
111808c6,2.0
310128b39,-0.0
211388b24,0.0
218618a6,1.0
221001a7,-0.0
110792b15,-0.0
311147b11,3.0
115016c40,1.0
314439a11,4.0
118182a29,1.0
111539b10,1.0
412409a40,1.0
210885b27,1.0
311125c35,2.0
111284b11,0.0
412641a5,-0.0
121218a16,1.0
312927a31,1.0
313344c4,2.0
310173c12,-0.0
121355a16,4.0
312669c36,1.0
111334b21,0.0
413961a11,3.0
221044a23,2.0
121548a21,1.0
310889c24,3.0
210135b3,0.0
316001a43,0.0
314709c36,0.0
314417c14,1.0
220504a49,1.0
415427a34,0.0
314689c18,1.0
111878b15,1.0
115235c4,-0.0
312786c32,1.0
311481a13,2.0
313032c6,2.0
318526a25,0.0
220209a19,-0.0
310117a21,-0.0
312189b46,0.0
221607a16,2.0
319558a24,-0.0
211585b11,0.0
311562a4,2.0
413125a23,2.0
315220c9,-0.0
313374c10,2.0
417007a31,0.0
319017a17,3.0
110917b13,1.0
113364c31,1.0
414260a37,-0.0
312619c22,3.0
312194a5,0.0
315874a32,2.0
316035a37,-0.0
112008c9,0.0
112177b15,0.0
212219b28,2.0
311864c52,1.0
112186b5,-0.0
220884a23,3.0
220832a49,1.0
120766a28,2.0
312722c34,-0.0
314983c12,4.0
417047a22,1.0
221364a10,2.0
111467b24,1.0
317427a3,2.0
220161a5,2.0
211165c15,1.0
317140a31,-1.0
111709c9,1.0
311762c18,1.0
112465c6,-0.0
310122b25,4.0
219095a35,1.0
111647c28,-0.0
111781b40,0.0
111944c22,1.0
311932b8,-1.0
119561a29,-1.0
316094a34,0.0
111118c36,-0.0
312911c36,2.0
113590c2,3.0
212229a5,1.0
315932a49,1.0
417223a2,-0.0
313149c39,1.0
219622a9,0.0
316020a46,0.0
314855c18,3.0
115291c10,-0.0
313504c17,2.0
312793c27,-0.0
411159a18,-0.0
211576b28,1.0
112345c41,1.0
315123c2,0.0
416727a9,-1.0
219745a15,2.0
315412c8,1.0
121167a21,1.0
419923a25,-1.0
314117c26,-0.0
314976c13,1.0
114222c17,2.0
119448a18,2.0
220150a28,1.0
122382a4,0.0
119577a7,1.0
110722b2,0.0
314052c1,2.0
311078c43,0.0
315344c7,2.0
315314c3,-0.0
411124a31,-0.0
